,head,tail,realation
0,1942年至1945年 延安整风运动,毛泽东关于延安整风运动的三篇经典著作(上),相关文献
1,1942年至1945年 延安整风运动,重温延安整风运动及其历史贡献,相关文献
2,1942年至1945年 延安整风运动,作风建设永远在路上——从延安整风运动说起,相关文献
3,1942年至1945年 延安整风运动,延安整风运动中司法作风的改善,相关文献
4,1942年至1945年 延安整风运动,延安整风运动与马克思主义中国化,相关文献
5,1942年至1945年 延安整风运动,延安整风运动纪实,相关文献
6,1942年至1945年 延安整风运动,延安整风运动对改革开放以来党的历次集中教育活动的影响,相关文献
7,1942年至1945年 延安整风运动,延安整风运动对新时期党的建设的启示,相关文献
8,1947年至1949年 整党运动,解放战争时期整党运动对加强党的作风建设的启示,相关文献
9,1947年至1949年 整党运动,解放战争时期整党运动与马克思主义大众化,相关文献
10,1947年至1949年 整党运动,解放战争时期整党运动对加强党的纯洁性建设的历史启示,相关文献
11,1947年至1949年 整党运动,解放战争时期的整党运动,相关文献
12,1947年至1949年 整党运动,试论解放战争时期的整党运动,相关文献
13,1947年至1949年 整党运动,解放战争时期整党运动述评,相关文献
14,1950年 整风运动,1950年人民解放军整风运动述论,相关文献
15,1950年 整风运动,1950年新疆整风运动,相关文献
16,1950年 整风运动,1950年江苏地区的整风运动,相关文献
17,1950年 整风运动,1950年苏南地区整风运动的历史与经验,相关文献
18,1950年 整风运动,惯性思维的张力与抑制——对1950年党的整风运动重点转移的反思,相关文献
19,1950年 整风运动,惯性思维的张力与抑制——对1950年党的整风运动重点转移的反思,相关文献
20,1950年 整风运动,一九五七年整风运动是如何开始的,相关文献
21,1950年 整风运动,1950年整风运动评析,相关文献
22,1951年至1954年 整党运动,论建国初期的整风整党运动,相关文献
23,1951年至1954年 整党运动,论建国初期的整党运动,相关文献
24,1957年 整风运动,试论1957年整风运动的西方动因,相关文献
25,1957年 整风运动,延安整风运动与1957年整风运动之异同分析,相关文献
26,1957年 整风运动,论1957年整风运动走向反面的两个关键因素,相关文献
27,1957年 整风运动,1957年整风运动的两个指示及其反右派斗争发生的原因,相关文献
28,1957年 整风运动,1957年整风运动的历史启示,相关文献
29,1983年至1987年 整党活动,20世纪80年代整党运动中的“整党促经济”,相关文献
30,1983年至1987年 整党活动,试论1983年整党运动的经验与教训,相关文献
31,1999年至2000年 “三讲”教育活动,先进性教育与“三讲”教育、农村“三个代表”学习教育活动有何不同?,相关文献
32,1999年至2000年 “三讲”教育活动,注重学习教育  解决突出问题——对呼盟4户区直国有企业“三讲”、“三个代表”学习教育活动的调查与思考,相关文献
33,1999年至2000年 “三讲”教育活动,全区国有企业“三讲”学习教育活动进展顺利,相关文献
34,1999年至2000年 “三讲”教育活动,国有大中型企业“三讲”学习教育活动问题解答,相关文献
35,1999年至2000年 “三讲”教育活动,深入开展企业“三讲”教育活动,相关文献
36,1999年至2000年 “三讲”教育活动,积极稳妥地推进国有企业“三讲”学习教育活动──访内蒙古党委常委、组织部长、企业工委副书记杨利民,相关文献
37,1999年至2000年 “三讲”教育活动,高校也可开展“三讲”教育活动,相关文献
38,1999年至2000年 “三讲”教育活动,关于“三讲”集中教育结束后开展“回头看”活动的意见,相关文献
39,2005年至2006年 保持共产党员先进性教育活动,杨振斌司长为高校“保持共产党员先进性教育活动”征文获奖代表颁奖,相关文献
40,2005年至2006年 保持共产党员先进性教育活动,在开展保持共产党员先进性教育活动中加强和改进典型宣传工作,相关文献
41,2005年至2006年 保持共产党员先进性教育活动,加强党的先进性建设的成功实践——学习胡锦涛同志在纪念中国共产党成立85周年暨总结保持共产党员先进性教育活动大会上的重要讲话体会,相关文献
42,2005年至2006年 保持共产党员先进性教育活动,在四川省庆祝中国共产党成立八十五周年暨保持共产党员先进性教育活动总结大会上的讲话,相关文献
43,2005年至2006年 保持共产党员先进性教育活动,在庆祝中国共产党成立85周年暨总结保持共产党员先进性教育活动大会上的讲话(节选),相关文献
44,2005年至2006年 保持共产党员先进性教育活动,在全市纪念中国共产党成立85周年暨总结保持共产党员先进性教育活动大会上的讲话,相关文献
45,2005年至2006年 保持共产党员先进性教育活动,"保持共产党员先进性教育活动开展以来  党员队伍不断壮大  党组织覆盖面进一步扩大  截至2005年底,全国党员总数为7080万名",相关文献
46,2005年至2006年 保持共产党员先进性教育活动,丰硕的成果——北京市保持共产党员先进性教育活动成效概览,相关文献
47,2008年至2009年 深入学习实践科学发展观活动,深入学习实践科学发展观活动总结之经验六:观念一变  春光无限——兰州军区某集团军机步旅转变发展思路推进科学发展纪实,相关文献
48,2008年至2009年 深入学习实践科学发展观活动,深入学习实践科学发展观活动总结之经验八:向战斗力建设聚焦——南京军区“临汾旅”学习实践科学发展观纪实,相关文献
49,2008年至2009年 深入学习实践科学发展观活动,"深入学习实践科学发展观活动总结之经验一:“大家好,才是真的好”——南海舰队某水警区学习实践科学发展观活动见闻",相关文献
50,2008年至2009年 深入学习实践科学发展观活动,深入学习实践科学发展观活动总结之经验二:“霹雳雄师”的新跨越——空军航空兵某师按科学发展观要求推动转型建设闻思录,相关文献
51,2008年至2009年 深入学习实践科学发展观活动,深入学习实践科学发展观活动总结之经验三:真理之光辉耀长剑倚天——第二炮兵“常规导弹第一旅”学习实践科学发展观提高核心军事能力纪实,相关文献
52,2008年至2009年 深入学习实践科学发展观活动,深入学习实践科学发展观活动总结之经验四:追寻铿锵步伐的时代轨迹——探析沈阳军区某集团军引领部队科学发展的成功实践,相关文献
53,2008年至2009年 深入学习实践科学发展观活动,深入学习实践科学发展观活动总结之经验五:找准发展的着力点——内蒙古军区某边防团用科学发展观推进战斗力建设纪实,相关文献
54,2008年至2009年 深入学习实践科学发展观活动,深入学习实践科学发展观活动总结之经验七:军民融合写新篇——河南某预备役高炮师依靠军民融合谋求科学发展纪实,相关文献
55,2010年至2012年 创先争优活动,高校创先争优活动考核评价体系构建,相关文献
56,2010年至2012年 创先争优活动,高校创先争优活动系列政策的价值蕴意,相关文献
57,2010年至2012年 创先争优活动,党群共建是创先争优活动的重点环节,相关文献
58,2010年至2012年 创先争优活动,开展师生党支部结对共建  推进创先争优活动深入开展,相关文献
59,2010年至2012年 创先争优活动,以创先争优活动推进党的先进性建设,相关文献
60,2010年至2012年 创先争优活动,新形势下创先争优活动面临的挑战与对策,相关文献
61,2010年至2012年 创先争优活动,扎实开展创先争优活动  推动襄汾转型跨越发展,相关文献
62,2010年至2012年 创先争优活动,推动科学发展  彰显先锋本色——全省深入开展创先争优活动综述之一,相关文献
63,2013年至2014年 党的群众路线教育实践活动,浅谈新媒体视域下党的群众路线教育实践活动新途径——以沈阳工业大学继续教育学院为例,相关文献
64,2013年至2014年 党的群众路线教育实践活动,贯彻群众路线  加强作风建设——山西省投资集团党的群众路线教育实践活动纪实,相关文献
65,2013年至2014年 党的群众路线教育实践活动,立足实际  扎实工作  服务群众——天津市公安河西分局开展党的群众路线教育实践活动,相关文献
66,2013年至2014年 党的群众路线教育实践活动,建立健全党的群众路线教育实践活动长效制度机制,相关文献
67,2013年至2014年 党的群众路线教育实践活动,转变作风让活动见实效  躬身服务让师生得实惠——河北建材职业技术学院开展党的群众路线教育实践活动侧记,相关文献
68,2013年至2014年 党的群众路线教育实践活动,关注民生  关注林业——长治市林业局开展党的群众路线教育实践活动纪实,相关文献
69,2013年至2014年 党的群众路线教育实践活动,对党的群众路线教育实践活动的再认识,相关文献
70,2013年至2014年 党的群众路线教育实践活动,教育实践活动求实效  集聚干事创业正能量——大路煤化工基地党工委开展党的群众路线教育实践活动纪实,相关文献
71,2015年 “三严三实”专题教育,强党性转作风勇担当  汇聚新一轮振兴发展磅礴力量——辽宁省“三严三实”专题教育综述,相关文献
72,2015年 “三严三实”专题教育,多措并举  谋求实效  商务厅扎实开展“三严三实”专题教育,相关文献
73,2015年 “三严三实”专题教育,以党的宣誓仪式强化“三严三实”专题教育成效,相关文献
74,2015年 “三严三实”专题教育,山东省深入扎实推进“三严三实”专题教育,相关文献
75,2015年 “三严三实”专题教育,省委组织部:在“三严三实”专题教育中认真学习贯彻《准则》和《条例》,相关文献
76,2015年 “三严三实”专题教育,扎实开展“三严三实”专题教育  全力锻造过硬政法队伍,相关文献
77,2015年 “三严三实”专题教育,一份满意的答卷——“三严三实”专题教育中的漳村故事,相关文献
78,2015年 “三严三实”专题教育,“三严三实”专题教育掠影,相关文献
79,2016年至2018年 “两学一做”学习教育,深学实做细改  巩固拓展“两学一做”学习教育成效,相关文献
80,2016年至2018年 “两学一做”学习教育,筑牢维护核心的思想根基——迪庆藏族自治州推进“两学一做”学习教育常态化制度化的几点做法,相关文献
81,2016年至2018年 “两学一做”学习教育,基于ASD理论的大学生党员“两学一做”学习教育常态化制度化研究,相关文献
82,2016年至2018年 “两学一做”学习教育,以纪检监督夯实“两学一做”学习教育之实践,相关文献
83,2016年至2018年 “两学一做”学习教育,"重庆第二师范学院以抓好“三基”为根本,推进“两学一做”学习教育常态化制度化",相关文献
84,2016年至2018年 “两学一做”学习教育,党建引领聚人心  典型引路扬正气  推动“两学一做”学习教育常态化制度化——山西乡宁焦煤集团台头煤焦有限责任公司工作综述,相关文献
85,2016年至2018年 “两学一做”学习教育,推进“两学一做”学习教育常态化制度化的举措,相关文献
86,2016年至2018年 “两学一做”学习教育,解决关键问题  实现四个转变——山东省平原县扎实推进“两学一做”学习教育常态化制度化,相关文献
87,2019年 “不忘初心、牢记使命”主题教育,高校构建“不忘初心、牢记使命”主题教育长效机制的探索,相关文献
88,2019年 “不忘初心、牢记使命”主题教育,常态化开展大学生党员“不忘初心、牢记使命”主题教育路径探析,相关文献
89,2019年 “不忘初心、牢记使命”主题教育,持续巩固深化“不忘初心、牢记使命”主题教育,相关文献
90,2019年 “不忘初心、牢记使命”主题教育,中共中央办公厅印发《关于巩固深化“不忘初心、牢记使命”主题教育成果的意见》,相关文献
91,2019年 “不忘初心、牢记使命”主题教育,中办印发《意见》巩固深化“不忘初心、牢记使命”主题教育成果,相关文献
92,2019年 “不忘初心、牢记使命”主题教育,为实现新时代党的历史使命不懈奋斗——巩固深化“不忘初心、牢记使命”主题教育成果,相关文献
93,2019年 “不忘初心、牢记使命”主题教育,如何巩固深化“不忘初心、牢记使命”主题教育成果,相关文献
94,2019年 “不忘初心、牢记使命”主题教育,如何巩固深化“不忘初心、牢记使命”主题教育成果,相关文献
95,在全党开展党史学习教育,在党史学习教育中传承好百年红色基因,相关文献
96,在全党开展党史学习教育,依托高校红色资源  深化党史学习教育,相关文献
97,在全党开展党史学习教育,“四个结合”推动党史学习教育落实落地,相关文献
98,在全党开展党史学习教育,多措并举  推动党史学习教育见行动出实效,相关文献
99,在全党开展党史学习教育,开展党史学习教育  助力乡村振兴发展,相关文献
100,在全党开展党史学习教育,“四个好”让党史学习教育深入开展,相关文献
101,在全党开展党史学习教育,聚焦三个重点  高质量推进在京流动党员党史学习教育,相关文献
102,在全党开展党史学习教育,延吉市建工街道：推动党史学习教育落地见效,相关文献
103,四渡赤水,四渡赤水是毛泽东同志军事指挥艺术中的得意之笔,相关文献
104,四渡赤水,“十六字诀”在毛泽东指挥四渡赤水战役中的巧妙运用,相关文献
105,四渡赤水,四渡赤水:中央红军战略转移的决定性胜利,相关文献
106,四渡赤水,四渡赤水背后那支孤军,相关文献
107,四渡赤水,四渡赤水战役在中国革命中的历史地位再思考,相关文献
108,四渡赤水,四渡赤水出奇兵,相关文献
109,四渡赤水,四渡赤水出奇兵,相关文献
110,四渡赤水,四渡赤水:三万红军与四十万敌军的生死较量,相关文献
111,直罗镇大捷,陈赓智取直罗镇,相关文献
112,平型关大捷,《平型关大捷》,相关文献
113,平型关大捷,痛击日寇的两次战斗——平型关大捷纪念馆与阳明堡飞机场遗址前的断想,相关文献
114,平型关大捷,平型关大捷,相关文献
115,平型关大捷,天地英雄气  千秋尚凛然——平型关大捷纪念碑碑文敬读,相关文献
116,平型关大捷,《平型关大捷》,相关文献
117,平型关大捷,平型关大捷纪念馆,相关文献
118,平型关大捷,山西省纪念平型关大捷75周年大会在灵丘县召开,相关文献
119,平型关大捷,平型关大捷:不容争辩的“首战大捷”,相关文献
120,百团大战,百团大战,相关文献
121,百团大战,华北抗战的恢弘之作——永垂史册的百团大战,相关文献
122,百团大战,浅析百团大战简史及历史意义,相关文献
123,百团大战,百团大战中“以顽强对顽强”的东团堡攻坚战,相关文献
124,百团大战,抗战时期八路军最大规模的主动出击——百团大战争议问题之我见,相关文献
125,百团大战,阳泉市狮脑山百团大战纪念馆(碑),相关文献
126,百团大战,百团大战中的榆次抗日军民,相关文献
127,百团大战,百团大战纪念馆,相关文献
128,辽沈战役,辽沈战役,相关文献
129,辽沈战役,辽沈战役纪念馆,相关文献
130,辽沈战役,锦州战役:辽沈战役关门之战,相关文献
131,辽沈战役,再现“解放东北的最后战役”——辽沈战役纪念馆巡礼,相关文献
132,辽沈战役,辽沈战役毛泽东运筹帷幄,相关文献
133,辽沈战役,辽沈战役中的工程兵,相关文献
134,辽沈战役,辽沈战役中的工程兵,相关文献
135,辽沈战役,辽沈战役支前精神:军民团结如一人,相关文献
136,太原战役,父亲参与解放太原战役地下工作二三事,相关文献
137,太原战役,围而不歼：中共战略决战阶段中之太原战役,相关文献
138,太原战役,太原战役胡耀邦力打“攻心战”,相关文献
139,太原战役,忆带参观组参加太原战役,相关文献
140,太原战役,太原战役中人民解放军的政治攻势,相关文献
141,太原战役,胡耀邦太原战役纪事,相关文献
142,太原战役,太原战役中的胡耀邦,相关文献
143,太原战役,毛泽东对太原战役的战略指导,相关文献
144,淮海战役,“淮海战役的胜利，是人民群众用小车推出来的”,相关文献
145,淮海战役,粟裕与杜聿明在淮海战役中的较量,相关文献
146,淮海战役,在淮海战役中打出来的“钢铁营”,相关文献
147,淮海战役,淮海战役支前往事,相关文献
148,淮海战役,淮海战役精神及其时代价值探析,相关文献
149,淮海战役,"淮海战役期间,国共双方真实军力对比",相关文献
150,淮海战役,廖运周潜伏敌营20年淮海战役中率部起义,相关文献
151,淮海战役,运动战和攻坚战相结合的典范——淮海战役围歼黄百韬兵团,相关文献
152,平津战役,洞穿衣领的战斗岁月：辽沈、平津战役亲历者的回忆,相关文献
153,平津战役,平津战役中的天津地下党,相关文献
154,平津战役,平津战役纪念馆  全国爱国主义教育基地（六十二）,相关文献
155,平津战役,平津战役中的遵化县万人担架团,相关文献
156,平津战役,平津战役前傅作义为什么不撤退,相关文献
157,平津战役,平津战役纪念馆,相关文献
158,平津战役,论平津战役的指挥艺术,相关文献
159,平津战役,平津战役前后毛泽东对北平文化的保护,相关文献
160,渡江战役,渡江战役解放的江南第一县,相关文献
161,渡江战役,渡江战役中的一次突发事件,相关文献
162,渡江战役,人民解放军部署渡江战役,相关文献
163,渡江战役,听父亲讲述渡江战役,相关文献
164,渡江战役,沿着光辉的足迹向前——纪念渡江战役胜利暨南京解放70周年,相关文献
165,渡江战役,渡江战役前毛泽东关注南北通航、通商、通邮等问题,相关文献
166,渡江战役,叶飞与渡江战役,相关文献
167,渡江战役,渡江战役时的英舰长江事件,相关文献
168,金城战役,父亲高存信在金城战役中,相关文献
169,金城战役,抗美援朝战争中的金城战役,相关文献
170,金城战役,金城反击战:杨勇指挥抗美援朝的收官之战,相关文献
171,金城战役,最后的较量——参加金城战役纪实,相关文献
