,ref
0,方志敏：“中国一定有个可赞美的光明前途”
1,中共八大台前幕后
2,周伯华局长在总局机关传达贯彻中国共产党第十七次全国代表大会精神大会上的讲话
3,作风建设永远在路上——从延安整风运动说起
4,回首历史丰碑  探寻力量之源  纪念中共四大召开90周年学术研讨会在沪举行
5,中共九大主席台座次的玄机
6,李大钊一次关于“青年问题”的讲演
7,“不惜唯我身先死，后继频频慰九泉”——记中共一大代表邓恩铭
8,邓小平文选（第三卷）
9,解放战争时期整党运动述评
10,政治文献中“一词多译”问题探析——以中国共产党第十八次全国代表大会报告汉哈翻译为例
11,延安整风运动对改革开放以来党的历次集中教育活动的影响
12,基于ASD理论的大学生党员“两学一做”学习教育常态化制度化研究
13,邓小平理论为中国特色社会主义大厦奠定了坚实基础
14,叶剑英的革命初心
15,朱德关于建立世界反法西斯统一战线的思考与实践
16,党的十九届六中全会对习近平新时代中国特色社会主义思想的五大新贡献
17,立足实际  扎实工作  服务群众——天津市公安河西分局开展党的群众路线教育实践活动
18,解决关键问题  实现四个转变——山东省平原县扎实推进“两学一做”学习教育常态化制度化
19,论中国共产党第十九次全国代表大会报告特点——基于改革开放时期党的全国代表大会报告文本的对比分析
20,黄继光:奋不顾身 凯歌百代
21,中国共产党第十一次全国代表大会关于政治报告的决议
22,"全面建设小康社会,开创中国特色社会主——在中国共产党第十六次全国代表大会上的报告"
23,略论薄一波的“三农”思想
24,滕代远早期的革命实践与探索
25,阔步走进中国特色社会主义新时代——中国共产党第十九次全国代表大会图片选登
26,上海召开“中共四大与党的支部建设”学术研讨会
27,中国共产党第十一次全国代表大会新闻公报
28,纪念中共二大召开95周年学术研讨会征文启事
29,胡锦涛文选(第二卷)
30,王若飞：我党早期杰出的无产阶级革命家
31,平津战役纪念馆
32,中共二大:马克思主义中国化的肇始
33,陕北出了个“谢青天”——西北革命领袖谢子长的跌宕人生
34,邓小平理论面对的时代性课题
35,"全面建设小康社会,开创中国特色社会主义事业新局面——在中国共产党第十六次全国代表大会上的报告"
36,转变作风让活动见实效  躬身服务让师生得实惠——河北建材职业技术学院开展党的群众路线教育实践活动侧记
37,179 开国上将宋任穷党性风范二三事
38,为什么说中共六大后的两年间出现革命走向复兴的局面?
39,王若飞：一切要为人民打算
40,1957年整风运动的两个指示及其反右派斗争发生的原因
41,中共二大，创造了党史上的多个“第一”(二)
42,王尔琢：红军优秀指挥员
43,遵义城下洒热血 红军山上翠柏青——中央红军长征中牺牲的职务最高将领红三军团参谋长邓萍轶闻
44,中共一大与统一战线关系再研究
45,高君宇石评梅墓修复记
46,"刘志丹:群众领袖,民族英雄"
47,列宁主义早期传播与马克思主义中国化研究
48,李先念与一九七九年的经济调整工作
49,开国大将萧劲光的非凡人生
50,徐向前论长征
51,滇军中走出的共和国军事家罗炳辉
52,团结与胜利:中共七大文献解读
53,十二  党的政治路线  中国共产党第七次全国代表大会
54,江泽民文选（第二卷）
55,在中国共产党第十一次全国代表大会上的政治报告
56,尼克·奈特关于李达与毛泽东“两论”关系的再解读
57,刘少奇加强华中敌后党的建设探析 (1939—1942)
58,黄继光纪念馆
59,毛岸英：中国人民志愿军烈士
60,论方志敏与刘志丹为长征胜利作出的贡献
61,延吉市建工街道：推动党史学习教育落地见效
62,谷牧的经济特区思想及其历史作用
63,高校构建“不忘初心、牢记使命”主题教育长效机制的探索
64,毛岸英：“我做毛泽东的儿子合格吗?”
65,陈云抓党风建设的言与行
66,中国共产党第十七次全国代表大会关于《中国共产党章程(修正案)》的决议
67,深入学习实践科学发展观活动总结之经验六:观念一变  春光无限——兰州军区某集团军机步旅转变发展思路推进科学发展纪实
68,刘志丹警卫班长党维让的故事
69,抗战时期朱德宣传战思想探析
70,中国共产党第十六次全国代表大会关于中央纪律检查委员会工作报告的决议
71,潘汉年对红军长征的杰出贡献
72,陈云、彭真任中共七届中央书记处党职考辨
73,彭雪枫致妻书
74,中共七大上毛泽东为何将自我批评而不是“批评和自我批评”称为党的“新的工作作风”
75,四渡赤水出奇兵
76,彭湃：中国农民革命运动的先导者
77,陈延年：视死如归的革命者
78,沿着光辉的足迹向前——纪念渡江战役胜利暨南京解放70周年
79,谷牧与广东改革开放(上)
80,红军参谋长王尔琢的悲壮人生
81,要做“大鹏鸟”决不做“蓬间雀”——罗瑞卿致女儿罗点点的信
82,西安事变与潘汉年
83,苏兆征的工人运动思想
84,推动科学发展  彰显先锋本色——全省深入开展创先争优活动综述之一
85,列宁主义是马克思主义中国化的重要理论基础
86,特级英雄黄继光——用胸膛堵枪眼 雷锋学习的榜样
87,也谈中共三大的召开时间
88,黄继光:舍身堵枪眼的战斗英雄
89,以纪检监督夯实“两学一做”学习教育之实践
90,在中国共产党第十一次全国代表大会上的闭幕词
91,聂荣臻元帅陈列馆
92,彭真对晋察冀边区党建工作的贡献
93,历史转折中邓小平理论的发展与时代价值——重温《解放思想，实事求是，团结一致向前看》讲话
94,萧劲光：北伐路上赢民心
95,毛泽民:清正廉洁的红色金融事业奠基人
96,王树声与豫西抗日根据地
97,深入学习实践科学发展观活动总结之经验三:真理之光辉耀长剑倚天——第二炮兵“常规导弹第一旅”学习实践科学发展观提高核心军事能力纪实
98,以人为本建设两型社会是构建生态命运共同体的重要途径——读《中国共产党第十九次全国代表大会报告》中生态文明与人类命运共同体的论述
99,"学习习近平总书记重要讲话,深化朱德思想生平研究——“朱德与中华民族的伟大复兴”学术研讨会述要"
100,毛泽东对党的自我革命的理论思考及其当代价值
101,苏兆征在国共两党间的政治抉择
102,黄埔一期毕业的悍将彭明治
103,《毛泽东何故未出席中共二大、四大和六大》
104,袁文才、王佐被错杀与共产国际
105,罗荣恒在过草地中的二三事
106,五四时期林伯渠思想转变的历程
107,1950年人民解放军整风运动述论
108,平型关大捷纪念馆
109,中共五大对加强纪律建设的探索与创新
110,山西省纪念平型关大捷75周年大会在灵丘县召开
111,论方志敏的忠诚品格
112,彭雪枫：南征北战以身殉国
113,中共八大对管党治党策略的探索
114,《列宁选集》第三版修订版（第二卷）
115,史无前例的中共“九大”
116,深入学习实践科学发展观活动总结之经验四:追寻铿锵步伐的时代轨迹——探析沈阳军区某集团军引领部队科学发展的成功实践
117,中共八大党章对保持党的纯洁性和先进性的指导
118,建立健全党的群众路线教育实践活动长效制度机制
119,南方局时期邓颖超妇女工作研究
120,"高举邓小平理论伟大旗帜,把建设有中国  特色社会主义事业全面推向二十一世纪  ——在中国共产党第十五次全国代表大会上的报告(1997年9月12日)"
121,中国共产党第五次全国代表大会会址
122,百团大战纪念馆
123,罗瑞卿视察汉寿农村
124,《解放日报》用舆论引导全党学习中共七大党章
125,廖承志在长征途中的美术宣传活动
126,中共三大中央委员及中央局成员考——以档案文献和回忆性史料为基本面
127,十八届中央纪律检查委员会向中国共产党第十九次全国代表大会的工作报告
128,罗炳辉 一心追求真理的将军
129,坚定不移沿着中国特色社会主义道路前进  为全面建成小康社会而奋斗——在中国共产党第十八次全国代表大会上的报告
130,彭德怀与黄克诚：患难与共的战友，相知弥深的同乡
131,王树声对人民武装建设的历史贡献
132,开国大将许光达的学习人生
133,社会主义初级阶段与精神文明建设——学习赵紫阳同志在中国共产党第十三次全国代表大会上的报告
134,中共七大的历史意义与现实启示
135,围而不歼：中共战略决战阶段中之太原战役
136,方志敏的生死情怀
137,大力推进生态文明建设——在中国共产党第十八次全国代表大会上的报告(节选)
138,中国共产党第十七次全国代表大会述评
139,张爱萍上将与邓萍的生死情
140,中国共产党第一次全国代表大会会议旧址修缮工程
141,中共五大书记格局是怎样形成的?
142,陶铸廉政思想述评
143,最后的较量——参加金城战役纪实
144,刘少奇共青团建设思想及其现实启示
145,邓小平的小康社会构想与苏州的实践
146,毛泽东政治协商的价值目标、基本职能与中国特色
147,辽沈战役中的工程兵
148,论董必武的经济思想及其现实启示
149,一心跟党走
150,粟裕波澜壮阔的诗词
151,徐向前盛赞的军事家——曾中生
152,彭湃：中国农民革命运动先导者
153,红三军团参谋长邓萍牺牲之谜新说
154,董必武 为六角钱作检讨
155,试论黄公略在中央苏区反“围剿”战争中的贡献
156,谢子长：毛泽东三次题词纪念的“谢青天”
157,毛泽东思想政治教育方法及对高校思想政治教育的启示
158,邓小平党风建设思想及其现实意义
159,习近平新时代中国特色社会主义思想对毛泽东思想的继承和发展
160,延安整风运动中司法作风的改善
161,蔡和森《对于中央全会的几点意见》解读与评析
162,徐海东与红二十五军长征
163,简析马林对中共三大的贡献及影响
164,深入学习实践科学发展观活动总结之经验二:“霹雳雄师”的新跨越——空军航空兵某师按科学发展观要求推动转型建设闻思录
165,试论中共五大提出创办中央党校的计划
166,刘伯承两次到稿子坝
167,中办印发《意见》巩固深化“不忘初心、牢记使命”主题教育成果
168,中国共产党面向新时代的政治宣言和行动纲领——学习习近平在中国共产党第十九次全国代表大会上的报告
169,抗战时期(1941-1945)黄克诚的群众工作思想探析
170,蔡和森翻译和传播《共产党宣言》考析
171,中国共产党第三次全国代表大会召开前后的广东党组织
172,论建国初期的整党运动
173,张云逸大将的廉政风范
174,王震与经济特区改革
175,追寻红色记忆，让观众动心动情
176,林伯渠的革命精神永垂青史
177,唯一在境外召开的党代会:中共六大文献研读
178,中共五大与浙江
179,黄公略:令敌胆寒的红军将领
180,抗美援朝战争中的周恩来与彭德怀
181,杨殷对中共六大的贡献
182,"中国共产党章程(中国共产党第十四次全国代表大会部分修改,1992年10月18日通过)"
183,毛泽东粟裕与淮海大战决策
184,开展党史学习教育  助力乡村振兴发展
185,“双百人物”江上青的革命精神与人格魅力探微——纪念江上青诞辰一百周年
186,苏兆征：杰出的工人运动领导人
187,中国共产党第十七次全国代表大会主题
188,辽沈战役
189,从北伐到广州起义：叶挺与聂荣臻的战斗友谊（下）
190,中国共产党第十七次全国代表大会胜利闭幕
191,关于在开放教育中深入开展习近平新时代中国特色社会主义思想“三进”的思考
192,赵紫阳同志在中国共产党第十三次全国代表大会的报告《沿着有中国特色的社会主义道路前进》中指出:
193,蔡和森与中国共产党人的初心和使命
194,习近平关于协调推进“四个全面”战略布局论述摘编
195,中国共产党第十九次全国代表大会
196,彭德怀怎样做思想政治工作
197,新民主主义革命时期杨尚昆生平思想的几个问题研究——读《杨尚昆年谱》上卷
198,人民歌唱伟大的党——庆祝中国共产党第十七次全国代表大会胜利召开
199,毛泽民与安源路矿工人消费合作社
200,苏兆征：为工人运动鞠躬尽瘁
201,中国共产党第十七次全国代表大会关于十六届中央委员会报告的决议
202,马克思恩格斯全集
203,习仲勋与我国经济特区的创建
204,红土地永远铭刻着他的英名——记彭干臣烈士
205,论构建社会主义和谐社会
206,血染的风采——追寻为理想献身的中共一大代表足迹（下）
207,聂荣臻与新中国初期北京城市治理
208,新四军第六师师长兼政治委员谭震林发布的政令
209,井冈山革命根据地的八个历史谜团(八) 王佐、袁文才被杀责任之谜
210,《中国共产党第十二次全国代表大会开幕词》简介
211,高君宇：山西省最早的共产党员
212,"高举邓小平理论伟大旗帜,把建设有中国特色社会主义事业全面推向二十一世纪──在中国共产党第十五次全国代表大会上的报告(一九九七年九月十二日)"
213,王尔琢：英勇善战 以身许国
214,毛泽东在中共八大前的三次重要讲话
215,中共二大会址:党性教育的功能开发
216,李大钊：铁肩担道义 精神启后人
217,"陈延年的牺牲,胡适被冤枉了吗?"
218,解放战争时期陈云与东北党的群众工作
219,瞿秋白与中共六大
220,简论中共四大政治路线
221,父亲高存信在金城战役中
222,1978年谷牧率团考察欧洲五国
223,中共四大对农民运动的理论探索
224,1950年江苏地区的整风运动
225,论毛泽东新文化运动时期的中西文化融合思想
226,习近平关于全面建成小康社会论述摘编
227,陈赓：黄埔猛将威震敌 长征路上立奇功
228,中共六大:修订《党章》  进一步严明党纪
229,王震、陶峙岳与新疆生产建设兵团
230,中共“三大”后中央局机关遗址
231,“尧云舜日”的追求——读彭湃七绝诗
232,真实的张思德是什么样子
233,从邓恩铭家书看早期共产党人的家国情怀
234,辽沈战役毛泽东运筹帷幄
235,先进性教育与“三讲”教育、农村“三个代表”学习教育活动有何不同?
236,萧劲光:镇守延安卫后方
237,虹口区推进红色文化建设研讨会在中共四大纪念馆举行
238,中国共产党第十八次全国代表大会在北京隆重开幕胡锦涛总书记向大会做主题报告
239,叶挺与苏兆征关系新探——从苏兆征、向忠发的一则声明说起
240,抗战时期陈云同志加强党对青年工作领导的方式、特点及启示
241,加快改革开放和现代化建设步伐  夺取有中国特色社会主义事业的更大胜利——在中国共产党第十四次全国代表大会上的报告(一九九二年十月十二日)
242,陈云在中共七大上建言“要保存城市机器”
243,中国共产党第二次全国代表大会会址纪念馆内雕塑
244,白色迷雾下的战斗——邓颖超和我们党最早的机关党组织
245,董必武：中国共产党的创始人之一
246,承前启后  任重道远——学习中国共产党第十四次全国代表大会文件的体会
247,李先念改革财政体制思想及现实意义
248,中国共产党第十八次全国代表大会专题报道
249,身后之职——陈谭秋被选为“七大”中央委员原委
250,《启航——中共一大会议》
251,彭真谈党的群众路线
252,延安整风运动与1957年整风运动之异同分析
253,认真学习贯彻江泽民总书记重要指示 把思想政治工作作为重中之重切实抓好──丁关根同志在全国宣传部长会议上的讲话摘要
254,丁关根同志在学习邓小平理论工作会议闭幕时强调学习学习再学习 深入深入再深入 落实落实再落实
255,新世纪以来中共二大研究述评
256,关于杨殷中共四大代表身份的考证
257,名将陈赓的至爱亲情
258,令敌人闻风丧胆的红色间谍钱壮飞
259,参加中共七大的定县籍代表
260,叶剑英与接管北平教育机构
261,周恩来的疫情防控实践与思想
262,“四个好”让党史学习教育深入开展
263,加快改革开放和现代化建设步伐夺取有中国特色社会主义事业的更大胜利——在中国共产党第十四次全国代表大会上的报告
264,深入学习实践科学发展观活动总结之经验五:找准发展的着力点——内蒙古军区某边防团用科学发展观推进战斗力建设纪实
265,持续巩固深化“不忘初心、牢记使命”主题教育
266,华北抗战的恢弘之作——永垂史册的百团大战
267,试论1983年整党运动的经验与教训
268,【1923】中国共产党第三次全国代表大会召开
269,毛泽东眼中的中共六大
270,彭雪枫偏爱的猛将滕海清
271,高校创先争优活动考核评价体系构建
272,浅论薄一波十年建设时期的经济思想
273,许光达：“我可不想当瘟神”
274,滕代远巡视湘鄂赣苏区二三事
275,李大钊、陈独秀未出席中共一大原因考
276,习近平谈治国理政(第一卷)
277,忆带参观组参加太原战役
278,改革开放后李先念对中国经济发展三大问题的探索
279,陈云关于经济建设的几个思想和工作方法
280,中共八大对党的领导体制和领导方式的改革探索
281,中国共产党第十八次全国代表大会关于《中国共产党章程(修正案)》的决议
282,"关于修改党章的报告(一九七三年八月二十四日在中国共产党第十次全国代表大会上报告,八月二十八日通过)"
283,平型关大捷
284,细说王佐、袁文才被错杀始末
285,太原战役中的胡耀邦
286,贺龙军队过巫山的三天三夜
287,推进“两学一做”学习教育常态化制度化的举措
288,加强党的先进性建设的成功实践——学习胡锦涛同志在纪念中国共产党成立85周年暨总结保持共产党员先进性教育活动大会上的重要讲话体会
289,深入学习实践科学发展观活动总结之经验八:向战斗力建设聚焦——南京军区“临汾旅”学习实践科学发展观纪实
290,1958年李达与毛泽东有过“争论”吗?
291,胡锦涛文选(第一卷)
292,罗炳辉：为人类的幸福而斗争
293,"“世界上一切战争,就决定于兵器的变迁”——朱德军工建设思想探析"
294,德高望重 主政广西——对广西有大功的张云逸大将之二
295,“地方军事化”、兵运与红军组建——刘志丹与陕甘红军的形成(1929—1931)
296,理论学习时刻不能放松——读刘少奇《答宋亮同志》
297,瞿秋白的学习观及其当代启示
298,中共四大：支部建设的历史起点(中)
299,邓小平对中国特色社会主义理论与实践的开创性贡献
300,中国共产党第十九次全国代表大会胜利召开
301,中共二大的特点及历史地位探析
302,董存瑞：“为了新中国，冲啊！”
303,李大钊五峰著雄文
304,《毛泽东军事文集》编辑的回顾与思考
305,江泽民手书《满江红·江上青百年诞辰祭》及附录二首
306,“学习弘扬林伯渠革命精神”学术研讨会在常德召开
307,董存瑞:舍身为国 永垂不朽
308,超群的指挥艺术 攻坚的示范样板——徐向前在山西解放战争中的军事谋略
309,《列宁选集》第三版修订版（第三卷）
310,从革命家书中传承红色基因——重温王尔琢的“托孤书”
311,刘少奇为中共八大政治报告找思路
312,主政西南时期邓小平思想政治教育的实践与启示
313,革命危机关头的寻路探索:中共五大文献研读
314,他是中共一大代表，曾三次为冯玉祥讲学
315,中共一大档案的三个历史传奇
316,扎实开展“三严三实”专题教育  全力锻造过硬政法队伍
317,钱壮飞:48小时挽救党中央
318,"从""龙潭三杰""到""红军三杰""——李克农、钱壮飞、胡底纪事"
319,中共三大：作出与国民党合作的历史性决定(下)
320,红色管家毛泽民
321,中共二大对“从严建党”要求的历史性贡献
322,邓小平文选（第一卷）
323,中共十二大与新时期党的建设
324,钱壮飞:我党叱咤风云的情报员
325,中共八大——探索中国社会主义建设道路的良好开局
326,中共二大，创造了党史上的多个“第一”(四)
327,安庆双英雄 中华两伟男——记陈延年、陈乔年烈士
328,建国60年来中国共产党治国理政的成功经验——解读中国共产党第十七次全国代表大会报告
329,习近平关于全面依法治国论述摘编
330,谭政给毛泽东当秘书
331,刘伯承祖述《孙子》逸事
332,俄国—苏联的马克思列宁主义著作传入中国的历史回顾
333,从邓颖超不忘“党的规定”想到的
334,林凤和:毛泽东与袁文才第一次见面的见证人
335,中国共产党第十五次全国代表大会关于《中国共产党章程修正案》的决议
336,回归与超越:中共十二大报告的理论创新
337,徐向前:智谋武略勇向前
338,高举旗帜 保持一致 重在建设 守土有责——丁关根同志在全国宣传部长会议上的讲话摘要
339,他为何能成为彭德怀眼中的“诸葛亮”——志愿军第一任参谋长解方将军往事
340,党的历史是最生动、最有说服力的教科书——深入学习《毛泽东邓小平江泽民胡锦涛关于中国共产党历史论述摘编》
341,中共八大——历史性盛会(上篇)
342,中共八大对执政党保持纯洁性的探索与实践
343,胡锦涛文选(第三卷)
344,浅析“三个代表”重要思想的伦理学意蕴
345,为实现新时代党的历史使命不懈奋斗——巩固深化“不忘初心、牢记使命”主题教育成果
346,对中共十二大以来历次代表大会关于“中国特色社会主义”论述的考察与思考
347,中央特科的重要人物——潘汉年
348,中国共产党第十次全国代表大会
349,黄克诚：去玉泉山，也得约法三章
350,毛泽东选集（第四卷）
351,谷牧的“破天荒”建议:聘请西方专家做中国政府经济顾问
352,山东省深入扎实推进“三严三实”专题教育
353,依托高校红色资源  深化党史学习教育
354,运筹帷幄 折冲樽俎——陈毅在1961年日内瓦会议上
355,瞿秋白：“肯用脑子想问题”
356,革命的实行家和宣传家——高君宇
357,我军首任军事工业局局长——滕代远
358,谭政1960年挨整内情
359,试论解放战争时期的整党运动
360,中国共产党第四次全国代表大会
361,董存瑞:永不泯灭的精神丰碑
362,血染的风采——追寻为理想献身的中共一大代表足迹（上）
363,包头市王若飞纪念馆
364,重温延安整风运动及其历史贡献
365,高举中国特色社会主义伟大旗帜  为夺取全面建设小康社会新胜利而奋斗  中国共产党第十七次全国代表大会开幕
366,聂荣臻关心爱护国防科技人才
367,辽沈战役纪念馆
368,党群共建是创先争优活动的重点环节
369,丁关根强调:必须理直气壮地宣传我们党
370,中国共产党第十七次全国代表大会关于《中国共产党章程(修正案)》的决议(2007年10月21日中国共产党第十七次全国代表大会通过)
371,“三个代表”重要思想对科学社会主义理论的创新
372,中国共产党第十二次全国代表大会
373,陈云关于社会主义意识形态建设的思想及现实启示
374,中共四大历史意义探析
375,在全市纪念中国共产党成立85周年暨总结保持共产党员先进性教育活动大会上的讲话
376,“咬牙干部”宋任穷
377,百色起义 缔造红军——对广西有大功的张云逸大将之一
378,从1951年上海“瑞有天事件”的成功解决看潘汉年的统战工作
379,高君宇：中共早期著名的政治活动家、理论家
380,建国后至中共九大期间的“接班人”问题
381,影响中共七大地缘战略中的美国因素
382,走近中共三大
383,抓好极好机遇 兴起三个热潮——丁关根同志对庆祝建国50周年的宣传教育工作提出要求
384,中国共产党第十二次全国代表大会开幕词
385,抗战时期八路军最大规模的主动出击——百团大战争议问题之我见
386,太原战役中人民解放军的政治攻势
387,1944年粟裕发表的《告“和平军”将领书》
388,谭政对“一紧二松三跨台”的批判及启示
389,出席中共三大代表再考证
390,矢志不渝求真理 英勇无畏为人民——记彭真在天津的革命生涯
391,二汽人永远怀念李先念——专访原第二汽车制造厂党委第一书记、第二任厂长、湖北省人大副主任、省新四军研究会第一副会长黄正夏
392,钱壮飞:战斗在敌人“心脏”的传奇
393,扎实开展创先争优活动  推动襄汾转型跨越发展
394,许光达大将“让衔”的故事与启示
395,试析谢子长对陕甘边根据地创建的独特贡献
396,新时代新思想  新目标新征程——聚焦中国共产党第十九次全国代表大会
397,从暗战到外交 熊向晖追随周恩来的四十年
398,中国共产党第十八次全国代表大会关于中央纪律检查委员会工作报告的决议
399,常思“徐海东三问”
400,近年来科学发展观理论研究综述
401,全面建设小康社会  开创中国特色社会主义事业新局面——在中国共产党第十六次全国代表大会上的报告
402,在淮海战役中打出来的“钢铁营”
403,"《全面建设小康社会,开创中国特色社会主义事业新局面》——在中国共产党第十六次全国代表大会上的报告(摘要)"
404,《平型关大捷》
405,试论薄一波新时期的整党思想
406,毛泽东曾这样评价贺龙
407,陈毅的诗词岁月
408,中共二大，创造了党史上的多个“第一”(一)
409,延安整风运动对新时期党的建设的启示
410,习近平关于党风廉政建设和反腐败斗争论述摘编
411,关注民生  关注林业——长治市林业局开展党的群众路线教育实践活动纪实
412,王震的新疆情
413,青年董必武是怎样转变为马克思主义者的
414,邓萍烈士牺牲经过考证
415,陈云与萧劲光的革命情谊
416,“红色间谍”钱壮飞
417,中共七大在党加强政治建设历史实践中的重大意义
418,多措并举  谋求实效  商务厅扎实开展“三严三实”专题教育
419,黄克诚：忠诚无私、善谋敢谏的开国大将
420,宋任穷对建国初期云南民族团结的贡献
421,延安整风运动与马克思主义中国化
422,王若飞在中共中央南方局的峥嵘岁月
423,毛泽东与米高扬在中共八大期间
424,两岸中国共产党第六次全国代表大会比较研究——以两岸代表性党史研究著作为依据
425,党史回顾  中共九大
426,参加中共“五大”的共产国际代表罗易
427,中国共产党第九次全国代表大会
428,中共一大会址纪念馆中的幕后往事
429,延安整风运动纪实
430,杨成武与罗瑞卿专案
431,董存瑞从敌人手里夺过来的机枪
432,中共八大路线未能坚持下去的原因浅析
433,贺龙元帅在肃宁指挥的几场战斗
434,论中共三大对第一次国共合作认识的历史局限性
435,中国共产党第十六次全国代表大会胜利闭幕
436,袁文才、王佐事件再研究——中共党史与社会史研究相结合的视角
437,朱德关于军事技术地位的思想述论
438,李达与中国共产党成立
439,江上青与皖东北抗日民族统一战线
440,父亲参与解放太原战役地下工作二三事
441,中共二大开始倾向发展工人党员原因探析
442,热烈祝贺中国共产党第十七次全国代表大会胜利召开
443,谭震林随红四军入闽
444,在哲学通史中理解毛泽东认识论的“飞跃”理论
445,江泽民文选（第一卷）
446,毛岸英：不惧艰险 勇往直前
447,"大将谭政:不求“世名”,一心“谈政”"
448,井冈山斗争时期的两个王佐
449,“三严三实”专题教育掠影
450,"淮海战役期间,国共双方真实军力对比"
451,毛岸英:不愧为毛泽东的儿子
452,论李达在建党时期的历史地位
453,人民解放纪念碑 刘伯承为英雄丰碑题写碑名
454,邓恩铭：高唱《国际歌》从容就义
455,浅析百团大战简史及历史意义
456,铁肩文人瞿秋白
457,五四运动中的周恩来和邓颖超
458,中国共产党第十九次全国代表大会关于十八届中央委员会报告的决议
459,如何巩固深化“不忘初心、牢记使命”主题教育成果
460,张思德:为人民服务的平凡英雄
461,中国共产党第十五次全国代表大会关于十四届中央委员会报告的决议
462,一份被历史尘封的重要文献——兼论毛泽东何以缺席中共六大却当选中央委员
463,中共三大后哈尔滨党组织活动考述
464,筑牢维护核心的思想根基——迪庆藏族自治州推进“两学一做”学习教育常态化制度化的几点做法
465,习近平关于社会主义政治建设论述摘编
466,红色记憶  中国党史剪影  中国共产党第十八次全国代表大会
467,罗瑞卿纪念馆的三件文物
468,罗易与中共五大
469,毛泽东、朱德在中共七大上的报告曾被伪装成《婴儿保育法》在敌占区发行
470,新时代视域下的方志敏精神再论
471,彭德怀出征朝鲜前线的最后时刻
472,毛泽东在中共七大上的问题意识及解决之道
473,锦州战役:辽沈战役关门之战
474,一颗真心  “调”出人间真情——记中国共产党第十八次全国代表大会代表、广东省珠海市金湾区三灶镇人民调解员邱影
475,中国特色社会主义的新阐述——学习胡锦涛在中国共产党第十八次全国代表大会上的报告
476,毛泽东与叶剑英:经得起生死考验
477,徐向前与红四军在大别山
478,聚焦三个重点  高质量推进在京流动党员党史学习教育
479,中共八大邓小平关于党的群众路线思想探析——重温邓小平《关于修改党的章程的报告》
480,新形势下创先争优活动面临的挑战与对策
481,陶铸社会主义建设时期知识分子思想初探
482,陈云对待干部政治生命的态度
483,不忘初心  牢记使命——中国共产党第十九次全国代表大会报告摘要
484,运动战和攻坚战相结合的典范——淮海战役围歼黄百韬兵团
485,中共“六大”的五个历史细节
486,《列宁选集》第三版修订版（第四卷）
487,毛泽东回顾中共一大召开经过
488,文韬武略的团政委——长征路上的杨尚昆
489,李先念是个难得的军事人才
490,潘汉年如何成为党的文化统战先锋
491,党史回顾中共十三大
492,听父亲讲述渡江战役
493,"粟裕:进不求名,退不避罪"
494,中共四大：支部建设的历史起点(上)
495,毛泽东关于延安整风运动的三篇经典著作(上)
496,积极稳妥地推进国有企业“三讲”学习教育活动──访内蒙古党委常委、组织部长、企业工委副书记杨利民
497,论社会主义市场经济
498,任弼时的军事思想和实践
499,陈延年:中国少年共产党创建者之一
500,中国共产党第十六次全国代表大会关于十五届中央委员会报告的决议
501,毛泽东著作选读（上册）
502,百年历史交汇点的毛泽东思想——“第八届中国社会科学院毛泽东思想论坛”综述
503,中共四大开启“群众性政党”新阶段
504,出席中共“三大”的代表是40名——兼论“三大”的开幕日期是1923年6月10日
505,红色窑工徐海东
506,从《胡锦涛文选》看科学发展观的形成和发展
507,谷牧与经济特区的开创和发展
508,叶剑英抗战演讲的几个侧影
509,百年启航：新闻宣传视角下的中共一大
510,嘉兴南湖停泊的中共一大纪念船
511,彭湃是广东共产党早期组织发起人之一考辩
512,莫斯科的红色记忆:中共六大与湖南
513,毛泽东选集（第一卷）
514,彭德怀机要参谋回忆:从认识毛岸英到朝鲜战场永别
515,中国共产党第十六次全国代表大会关于《中国共产党章程(修正案)》的决议
516,任弼时：“党的骆驼 中国人民的骆驼”
517,毛泽东与中共八大
518,高举旗帜  继往开来  团结奋进  中国共产党第十八次全国代表大会胜利召开
519,潘汉年领导上海左翼文化运动
520,中国共产党第十八次全国代表大会在京举行
521,辽沈战役支前精神:军民团结如一人
522,"粟裕:师承大家,终成大家"
523,潘汉年、乔冠华策动杜月笙
524,在庆祝中国共产党成立85周年暨总结保持共产党员先进性教育活动大会上的讲话(节选)
525,苏共二十大对中共八大的影响
526,中共三大召开前后的全国农民运动
527,董存瑞：全国著名战斗英雄
528,驰骋江淮的抗日将军——罗炳辉
529,薄一波党风廉政建设思想浅探——读《薄一波文选(一九三七—一九九二)》
530,从历史中汲取经验探寻未来——深入学习贯彻党的十九届六中全会精神“十九个深刻理解”全媒体党课特辑  第五课  深刻理解习近平新时代中国特色社会主义思想的“十个明确”
531,建国初期宋任穷加强云南民族团结的思想和实践
532,中国共产党第十三次全国代表大会
533,特点突出的中共五大会务
534,中共五大对争夺革命领导权问题的阐释
535,平津战役前傅作义为什么不撤退
536,中共五大对党的建设的历史贡献(上)
537,决胜全面建成小康社会  夺取新时代中国特色社会主义伟大胜利——在中国共产党第十九次全国代表大会上的报告(节选)
538,军事家徐海东
539,中共十二大党章修订述论
540,黄克诚:涉及天王老子都要查
541,渡江战役前毛泽东关注南北通航、通商、通邮等问题
542,习近平关于科技创新论述摘编
543,“农运大王”彭湃
544,沿着有中国特色的社会主义道路前进——在中国共产党第十三次全国代表大会上的报告(1987年10月25日)
545,王尽美：尽善尽美唯解放
546,毛泽东何以缺席中共六大却当选中央委员
547,黄克诚：拒绝公车接新娘
548,党建引领聚人心  典型引路扬正气  推动“两学一做”学习教育常态化制度化——山西乡宁焦煤集团台头煤焦有限责任公司工作综述
549,中国共产党第五次全国代表大会在汉召开
550,以新世纪为新起点努力把宣传思想工作提高到一个新的水平——丁关根同志在全国宣传部长会议上的讲话摘要
551,渡江战役解放的江南第一县
552,粟裕与杜聿明在淮海战役中的较量
553,林伯渠对陕甘宁边区党的纪律建设的贡献
554,从中共一大围绕党纲的争论看中共早期组织纪律建设缘起
555,联共(布)、共产国际与中共五大、六大关系的比较研究
556,丰硕的成果——北京市保持共产党员先进性教育活动成效概览
557,中共十大后形成的“四人帮”与政治局多数的对立
558,中共七大会议精神学习贯彻情况的历史考察——基于《解放日报》相关报道的分析
559,关于华林是否参加中共五大的若干考证
560,毛泽东著作选读（下册）
561,保持共产党人的政治操守和优良作风——重读周恩来《过好“五关”》
562,《群众》周刊(1937—1949)传播毛泽东思想的文本样态及启示
563,毛泽东《党委会的工作方法》的理论价值和现实意义——兼论重温马克思主义经典著作的学习方法和思想方法
564,红三军团参谋长邓萍中央苏区轶事
565,萧劲光转战黑土地
566,习近平总书记在中国共产党第十九次全国代表大会上的报告摘录
567,毛泽东选集（第二卷）
568,论建国初期的整风整党运动
569,"我们万众一心,前进!——中国共产党第十六次全国代表大会综述"
570,“老一辈革命家与中共七大——马克思主义中国化和中共七大召开75周年”理论研讨会综述
571,“十月革命与马克思列宁主义传入中国”学术报告会在京举行
572,徐海东:对中国革命有大功的人
573,关于“三讲”集中教育结束后开展“回头看”活动的意见
574,抗战时期邓颖超对培养妇女干部问题的思考
575,高举邓小平理论伟大旗帜  把建设有中国特色社会主义事业全面推向二十一世纪——在中国共产党第十五次全国代表大会上的报告
576,增强和坚定对我党反腐败的信心——学习江泽民同志在中国共产党第十四次全国代表大会上的报告
577,中共四大对党的建设的历史探索
578,毛泽东与中国共产党人精神谱系的构建
579,四渡赤水:三万红军与四十万敌军的生死较量
580,贺龙:下定决心跟党走
581,崇高的敬礼——记滕代远出席国庆25周年招待会
582,黄公略改名:因看《黄石公三略》
583,杨尚昆与新时期广东改革开放的起步
584,聂荣臻与中共七大
585,加强党员在市场经济条件下的党性锻炼——学习中国共产党第十四次全国代表大会文献体会
586,对中共六大的再思考——基于理论视角和档案文献的考察
587,"重庆第二师范学院以抓好“三基”为根本,推进“两学一做”学习教育常态化制度化"
588,强渡嘉陵江 迎接党中央——父亲徐向前长征中的一段故事
589,陈毅元帅一生所担任的职务
590,中共二大至六大党章前没有纲领的原因再探讨
591,革命烽火燃 文笔作刀枪——缅怀江上青烈士
592,不负新时代  实现新作为——热烈祝贺中国共产党第十九次全国代表大会胜利召开
593,渡江战役中的一次突发事件
594,罗瑞卿大将猝死联邦德国的前前后后
595,许光达“让衔”
596,一九五七年整风运动是如何开始的
597,王树声刀劈舅爹
598,陈赓三次入朝记
599,陈赓:从军原是为人民
600,张思德与“为人民服务”
601,传奇式的英雄——钱壮飞
602,“四个结合”推动党史学习教育落实落地
603,近年来李先念社会建设思想的研究综述
604,中国共产党第五次全国代表大会
605,陈云与中共八大
606,淮海战役支前往事
607,习近平关于全面从严治党论述摘编
608,走近中共六大
609,高校也可开展“三讲”教育活动
610,对党的群众路线教育实践活动的再认识
611,陈云、邓小平与中共八大
612,痛击日寇的两次战斗——平型关大捷纪念馆与阳明堡飞机场遗址前的断想
613,胡锦涛在中国共产党第十七次全国代表大会上的报告(摘选)
614,惯性思维的张力与抑制——对1950年党的整风运动重点转移的反思
615,在党史学习教育中传承好百年红色基因
616,试论1957年整风运动的西方动因
617,追述陈延年兼及陈独秀一家
618,中共八大关于反对官僚主义的探索及当代价值
619,阮啸仙成为中共“三大”代表的历史考证
620,"新疆,王震的荣耀之地"
621,中国共产党第十五次全国代表大会
622,论瞿秋白在中共党史学上的贡献
623,习近平关于社会主义生态文明建设论述摘编
624,周恩来对日外交思想中蕴含的智慧
625,“文革”期间周恩来保护廖承志轶事
626,"1978年,叶剑英力荐习仲勋主政广东"
627,建设人民的新上海——论陈毅对上海的接管和经济社会建设的杰出贡献
628,瞿秋白：“想为大家辟一条光明的路”
629,中国共产党第十九次全国代表大会精神相关研究
630,毛泽东缺席中共二大之谜
631,纪念中共四大召开90周年学术研讨会征文启事
632,试论抗战时期廖承志在香港领导的创办报刊活动及历史功绩
633,南昌起义前后贺龙事略
634,新四军时期的张云逸
635,坚定不移走中国特色社会主义伟大道路——热烈祝贺中国共产党第十七次全国代表大会开幕
636,邓颖超与天津早期妇女运动
637,在中国特色社会主义伟大旗帜引领下发展——热烈祝贺中国共产党第十七次全国代表大会胜利召开
638,罗瑞卿:从黄埔生到抗大副校长
639,中共四大对民族革命运动的“新审定”与群众观确立的思想逻辑
640,陈潭秋与中共“四大”
641,平津战役中的遵化县万人担架团
642,从中共四大看群众性政党的形成路径
643,总结历史是为了开辟未来——重温邓小平关于党的历史的论述
644,聂荣臻与罗荣桓的革命交往
645,决胜全面建成小康社会  夺取新时代中国特色社会主义伟大胜利——在中国共产党第十九次全国代表大会上的报告
646,毛泽民：“领导干部要带头艰苦奋斗”
647,在四川省庆祝中国共产党成立八十五周年暨保持共产党员先进性教育活动总结大会上的讲话
648,从徐海东的“三问”说起
649,"在中国共产党第十一次全国代表大会上的政治报告(一九七七年八月十二日报告,八月十八日通过)"
650,习近平关于实现中华民族伟大复兴的中国梦论述摘编
651,邓小平文选（第二卷）
652,中日关系：周恩来最具创造性的外交杰作
653,对滕代远向新华社记者介绍铁道建设情况谈话稿的批语
654,董存瑞：勇往直前 舍生取义
655,许家朋：黄继光式的英雄
656,中共六大轶事
657,王震带二弟一家到新疆“吃苦”
658,省委组织部:在“三严三实”专题教育中认真学习贯彻《准则》和《条例》
659,第八届中国社会科学院毛泽东思想论坛
660,贺龙的党员登记表
661,董必武基于法治理念的党建思想及其当代价值
662,滕代远巡视湘鄂赣苏区纪事
663,郑一俊:毛岸英在莫斯科的国学老师
664,刘伯承同志纪念馆
665,大将萧劲光在抗日战争中
666,邓小平与中共七大
667,毛泽东“偏师借重黄公略”
668,"中国共产党章程(中国共产党第十六次全国代表大会部分修改,2002年11月14日通过)"
669,张文秋在“国际红色谍王”佐尔格麾下的秘史
670,中国共产党第一次全国代表大会会址纪念馆
671,人民解放军部署渡江战役
672,周恩来自我批评思想对党风建设的启示
673,以党的宣誓仪式强化“三严三实”专题教育成效
674,四渡赤水是毛泽东同志军事指挥艺术中的得意之笔
675,大将许光达与母校长沙师范学校
676,王尽美在秦皇岛领导工人运动
677,黄公略：杰出的红军将领、军事家
678,习近平提出中共五大优势
679,陈毅与交通大学来往二三事
680,生如闪电之耀亮，死如彗星之迅忽——记中共早期著名政治活动家、理论家高君宇
681,关于苏兆征工人运动思想形成的探究
682,习仲勋生平与思想研究述评
683,高举中国特色社会主义伟大旗帜——回眸中国共产党第十七次全国代表大会
684,"2017年10月18日习近平总书记在中国共产党第十九次全国代表大会上的讲话《决胜全面建成小康社会,夺取新时代中国特色社会主义伟大胜利》"
685,中共“二大”代表群体结构的特点探究
686,以新世纪为新起点努力把宣传思想工作提高到一个新的水平──丁关根同志在全国宣传部长会议上的讲话摘要
687,邓颖超在重庆开展妇女工作纪实
688,中共二大《关于议会行动的决案》探析
689,名将陨落遵义城——邓萍的传奇人生
690,《列宁选集》第三版修订版（第一卷）
691,列宁主义与中国革命——重新理解马克思主义中国化的历史视角
692,洞穿衣领的战斗岁月：辽沈、平津战役亲历者的回忆
693,刘伯承军事论述的生动比喻
694,论王震工业化思想及其在新疆的早期实践
695,毛泽民：中共早期杰出的红色金融家
696,中共中央办公厅印发《关于巩固深化“不忘初心、牢记使命”主题教育成果的意见》
697,百团大战
698,百团大战中的榆次抗日军民
699,叶剑英与红岩精神的形成
700,全面抗战时期任弼时与党的统一战线工作
701,改革开放之初杨尚昆在广东
702,党史回顾  中共十大
703,中共四大：支部建设的历史起点(下)
704,统一思想 凝聚力量 为党的十六大营造良好氛围——丁关根同志在全国宣传部长会议上的讲话摘要
705,《鲁迅日记》中的“陈安仁”并非陈延年
706,敢举烽烟解国忧——聂荣臻的三封书信
707,习仲勋与深圳经济特区纪事
708,资本论
709,中共一大研究成果撷英
710,"粟裕:反常用兵,出奇制胜"
711,邓小平社会主义优越性思想及其当代价值
712,方志敏：为了可爱的中国
713,蔡和森、周方两家的四代交往
714,他用生命鲜血染红了《十月底旗帜》——记江上青烈士
715,解放战争时期整党运动与马克思主义大众化
716,月产炮弹三万余发
717,从革命党向执政党的转变——以中共八大到十八大党章为分析文本
718,彭雪枫:“共产党人好榜样”
719,陈云与中共七大
720,谭震林主政浙江二三事
721,铸造“建军里程碑”文献的谭政大将
722,彭湃:“农民运动大王”
723,参加中共六大的三位江西代表
724,论董必武廉政思想的来源与内涵
725,许光达的“守”之道
726,中共“二大”对制度建党的探索及启示
727,井冈山时期袁文才的一次义举
728,中共二大前之工人党员考
729,不忘初心是试金石——湘籍中共一大代表的命运选择
730,中共二大，创造了党史上的多个“第一”(三)
731,井冈山斗争时期的两个“王佐”
732,中国共产党第八次全国代表大会
733,平津战役前后毛泽东对北平文化的保护
734,党的全面领导的“集结号”:任弼时《关于党的一元化领导问题》
735,从中共七大文献看毛泽东如何应对“大事变”
736,中共党史上的两个李达
737,陶铸关于思想政治工作的理论和实践
738,李先念、徐向前缘何为木兰山泼墨挥毫
739,中国共产党第十九次全国代表大会关于十八届中央纪律检查委员会工作报告的决议
740,试析王若飞对“红岩精神”的培育与铸造
741,从中共七大的历史贡献看百年大党的战略抉择与使命担当
742,彭真立法保障人权的思想与实践
743,萧劲光与延安留守兵团
744,注重学习教育  解决突出问题——对呼盟4户区直国有企业“三讲”、“三个代表”学习教育活动的调查与思考
745,历史永远铭记——记参加中共“五大”中的两名重庆籍四川代表
746,论科学发展观对“三个代表”重要思想的继承与发展
747,罗瑞卿大将与对印自卫反击战
748,改革开放以来中共四大研究述评
749,习仲勋政治生涯的“艰苦岁月”
750,王尽美的工人运动思想与实践
751,董必武:拯国危亡挥斧镰
752,沿着党的十六大指引的方向奋勇前进——热烈祝贺中国共产党第十六次全国代表大会胜利闭幕
753,黄克诚抓党风“不怕撕破脸皮”
754,井冈双雄:袁文才、王佐
755,任弼时是如何做好思想政治工作的
756,中共五大缘何在黄陂会馆召开
757,加强纪律性 革命无不胜——重温朱德《加强党的纪律检查工作》
758,罗炳辉：“为人民尽孝，为革命尽忠”
759,李达:马克思主义法学中国化的奠基者
760,1950年整风运动评析
761,中国共产党章程(中国共产党第十一次全国代表大会一九七七年八月十八日通过)
762,中共五大对党的建设的历史贡献(下)
763,平津战役中的天津地下党
764,中共七大召开的曲折经历
765,中共八大正确路线中断原因浅析
766,中共二大到六大的党章为什么没有总纲部分?
767,江泽民文选（第三卷）
768,罗荣恒忆三湾改编
769,参加中共六大的江西代表及其活动研究
770,中国共产党第十九次全国代表大会关于《中国共产党章程(修正案)》的决议
771,董必武:突出体现了“红船精神”
772,论1957年整风运动走向反面的两个关键因素
773,“迷失”了的革命功臣——彭干臣
774,王尔琢:红色家书立誓“以身许国”
775,李大钊建党思想及其当代价值
776,民族精英气贯长虹——江上青与皖东北抗日民族统一战线
777,听薄一波谈山西高校教育
778,彭干臣:历史无法湮没的英勇干将
779,朱德与中共七大
780,中共三大：作出与国民党合作的历史性决定(中)
781,试论廖承志的统战思想与实践
782,失败的谈判 成功的博弈——林伯渠与1944—1945年国共谈判
783,刘志丹：群众领袖 人民英雄
784,徐海东与毛泽东的深厚革命情谊
785,建瓯廖家大院：毛泽民苏区造纸、造币考察行
786,叶飞与渡江战役
787,中共四大:虹口土地上一座不朽的丰碑——从中共四大纪念馆筹建和发展领略虹口红色文化建设魅力
788,从参会人员构成解读中共四大何以在“无产阶级领导权”问题上取得一致
789,中国共产党第十六次全国代表大会秘书处负责人就十六大通过的《中国共产党章程(修正案)》答新华社记者问
790,王尽美领导京奉铁路局工人罢工
791,加快改革开放和现代化建设步伐夺取有中国特色社会主义事业的更大胜利——中国共产党第十四次全国代表大会上的报告
792,对刘伯承关于南京东善桥林场森林被乱伐情况报告的批语
793,一代先驱、哲人李达——纪念李达诞辰120周年
794,解放战争时期董必武的民主选举思想初探
795,“纪念刘少奇湖南农村调查60周年学术研讨会暨刘少奇思想生平研究会年会”在长沙县召开
796,罗炳辉：“奴隶”变将军
797,论邓恩铭的群众观及其现实启示
798,邓恩铭:中共一大代表
799,粟裕的爱好
800,中共十二大前邓小平思考“小康之家”现代化目标的心路历程
801,薄一波:我国经济工作的卓越领导人
802,党的七大：邓小平政治生涯的新起点——从邓小平对党的七大路线形成的贡献谈起
803,毛泽东党的先进性建设思想及其当代启示
804,"徐向前盛赞谁“能文能武,智勇双全”"
805,粟裕主动为陈赓承担责任
806,蔡和森与中共六大
807,打造“战略轻骑”的人民功臣——罗炳辉
808,中共三大：作出与国民党合作的历史性决定(上)
809,邓小平同志论改革开放
810,毛泽民：从韶山冲走出来的“红色管家”
811,功绩辉煌、一世忠贞的军事家彭雪枫
812,最美中国人——庆祝中国共产党第十九次全国代表大会胜利召开大型美术作品展在京隆重开幕
813,共同创造更加幸福美好的未来——热烈祝贺中国共产党第十八次全国代表大会胜利闭幕
814,高举中国特色社会主义伟大旗帜  为夺取全面建设小康社会新胜利而奋斗——在中国共产党第十七次全国代表大会上的报告
815,深学实做细改  巩固拓展“两学一做”学习教育成效
816,陈云哲学小组:实事求是思想路线确立的推进器
817,方志敏与闽浙赣苏区的“对外贸易”
818,建国初期李先念农业管理思想研究
819,彭雪枫：“共产党人的好榜样”
820,一大代表邓恩铭的职业观及其时代价值
821,中共一大代表何叔衡的革命生涯
822,习近平关于社会主义文化建设论述摘编
823,中国共产党第十四次全国代表大会
824,“党的骆驼”任弼时
825,"王树声:要革命,就不能讲情面"
826,坚持以共产主义思想为核心的精神文明是社会主义建设的一项伟大战略方针——学习胡耀邦同志在中国共产党第十二次全国代表大会上的报告的一点体会
827,1950年新疆整风运动
828,首创“政治练兵”的习仲勋
829,王尔琢:“儿已以身许国”
830,中国共产党第十一次全国代表大会
831,中共二大与党内政治生活基本原则的初步形成
832,"保持共产党员先进性教育活动开展以来  党员队伍不断壮大  党组织覆盖面进一步扩大  截至2005年底,全国党员总数为7080万名"
833,试论瞿秋白在探索中国革命新道路中的贡献
834,中共创立时期共产党人的初心解读——王尽美篇
835,社会主义人民性与科学发展观的内在联系研究
836,中共一大嘉兴南湖会议——此间曾著星星火
837,杨振斌司长为高校“保持共产党员先进性教育活动”征文获奖代表颁奖
838,高君宇在“党的一大”召开前传播马克思主义的积极实践及历史意义——庆祝建党100周年暨纪念高君宇诞辰125周年
839,“贫富阶级见疆场，尽善尽美唯解放”——记中共一大代表王尽美
840,陈毅在上海
841,蔡和森:第一个明确提出成立中国共产党的人
842,中共七大：实现全党空前团结和统一
843,"刘伯承：四参""总戎幕"" 一生跟党走"
844,许光达：坚定选择彰显绝对忠诚
845,中共四大:群众党建设和布尔什维克化的一页
846,毛泽东对太原战役的战略指导
847,陈云的核心意识与邓小平理论的形成
848,中共五大为什么没有能够承担起挽救革命的重任?
849,谭政《关于军队政治工作问题》的报告与军队党建理论成熟与发展
850,董必武的从严治党思想及其当代价值
851,宋任穷两个字里的统战味
852,坚定不移沿着中国特色社会主义道路前进  为全国建成小康社会而奋斗  中国共产党第十八次全国代表大会在京召开  胡锦涛代表第十七届中央委员会向大会作报告
853,关于《陶铸传》中一个红军游击队番号的考析
854,中国共产党第十八次全国代表大会关于十七届中央委员会报告的决议
855,张云逸对广西各族人民的深厚感情及教育意义
856,为什么说中共四大对中国革命的一些基本问题进行了系统的阐述?
857,上海举行纪念中共四大召开95周年暨虹口区红色文化建设专家研讨会
858,中共一大召开的幕后身影
859,袁文才王佐在井冈山时期担任的职务概述
860,中共“三大”与第一次国共合作
861,王震长沙纵论左宗棠
862,"在中国共产党第十次全国代表大会上的报告(一九七三年八月二十四日报告,八月二十八日通过)"
863,陈赓四次南昌之行彰显共产党人政治品格
864,谷牧与广东改革开放(下)
865,新中国成立后周恩来关于防灾减灾救灾的思想
866,林伯渠同志是彻底革命的光辉典范
867,彭德怀与邓萍的战友情
868,大革命时期滕代远领导长沙郊区农民运动
869,首提“初心”的董必武
870,党史回顾:中共十二大
871,在开展保持共产党员先进性教育活动中加强和改进典型宣传工作
872,共产党讲的是另一种人情——毛泽东、毛岸英致亲人的两封信
873,高举邓小平理论伟大旗帜　把建设有中国特色社会主义事业全面推向二十一世纪──在中国共产党第十五次全国代表大会上的报告
874,张思德精神与大学生思想政治教育
875,贯彻群众路线  加强作风建设——山西省投资集团党的群众路线教育实践活动纪实
876,高校创先争优活动系列政策的价值蕴意
877,陈赓智取直罗镇
878,敦厚谭政
879,出席中共七大的四位重庆籍代表是谁
880,陶铸重建中共闽南特委
881,传奇大将王树声
882,一篇党史学习教育的经典教材——重温刘少奇《中国历史的发展离不开中国共产党》
883,任弼时怎样“按实际情形而运用经验与理论”——以1924年9月—1928年3月的青年团工作为例
884,中国特色社会主义道路的新起点——回眸中国共产党第十三次全国代表大会
885,“九月来信”前后，陈毅如何化解党内矛盾
886,“淮海战役的胜利，是人民群众用小车推出来的”
887,刘玉亭副局长在总局机关传达贯彻中国共产党第十七次全国代表大会精神大会上的讲话
888,《中国共产党第十二次全国代表大会开幕词》备课体会
889,建国初期李先念妇权思想简论
890,纪念中共二大召开95周年学术研讨会在上海举行
891,"在中国共产党第十一次全国代表大会上关于修改党的章程的报告(一九七七年八月十三日报告,八月十八日通过)"
892,学习、弘扬林伯渠崇高的政治品格
893,驻波兰首任将军大使彭明治
894,钱塘江畔“谭老板”——记首任浙江省委书记谭震林
895,董存瑞:舍身炸碉堡
896,在中国共产党第十一次全国代表大会上的闭幕词(一九七七年八月十八日)
897,无私大爱彭德怀
898,中国共产党第六次全国代表大会
899,邵力子、叶剑英激书《满江红》悼念抗战英雄
900,解放战争时期的整党运动
901,常态化开展大学生党员“不忘初心、牢记使命”主题教育路径探析
902,张国焘与他要“开除”的中共四大领袖
903,张云逸:“一个懂经济的军事家”
904,廖运周潜伏敌营20年淮海战役中率部起义
905,云南陆军讲武堂：朱德和叶剑英早期革命从这里出发
906,徐海东主动任副职
907,论王若飞的抗日持久战思想
908,论潘汉年对第二次国共合作的卓越贡献
909,邓萍与彭德怀的真挚革命友情
910,西南局时期的宋任穷
911,中共八大珍闻知多少
912,深入学习实践科学发展观活动总结之经验七:军民融合写新篇——河南某预备役高炮师依靠军民融合谋求科学发展纪实
913,迎接大革命高潮的历史准备:中共四大文献研读
914,论十年建设时期薄一波的企业管理思想
915,皖东北抗日民主根据地的奠基人——纪念江上青烈士诞辰100周年
916,中共三大前后的阮啸仙
917,抗美援朝战争中的金城战役
918,全国中小学生研学实践教育基地 刘少奇同志纪念馆
919,“飞将军”黄公略的传奇一生
920,黄继光：舍身堵枪眼的志愿军战士
921,苏兆征:“海员的领袖”
922,再现“解放东北的最后战役”——辽沈战役纪念馆巡礼
923,邓恩铭：“宁死不屈 浩气长存”
924,深入开展企业“三讲”教育活动
925,淮海战役精神及其时代价值探析
926,军事家许光达
927,中国共产党第一次全国代表大会
928,开展师生党支部结对共建  推进创先争优活动深入开展
929,四渡赤水战役在中国革命中的历史地位再思考
930,中共六大上的王若飞
931,为革命事业英勇献身的蔡和森
932,曾与朱德毛泽东彭德怀并列的军事家黄公略
933,贺龙与南昌起义
934,中国共产党第十七次全国代表大会在京开幕
935,共产主义思想是社会主义精神文明的核心——学习胡耀邦同志在中国共产党第十二次全国代表大会上的报告的体会
936,高举建设有中国特色社会主义的伟大旗帜奋勇前进——中国共产党第十四次全国代表大会在京召开
937,高君宇：宝剑与火花之革命情怀
938,中共八大——历史性盛会(下篇)
939,被陈赓赞誉为“有战略眼光的指挥员”李成芳
940,陈延年：光明磊落 视死如归
941,朱德总力战思想研究
942,彭真基层自治的理论与实践
943,谭政文:首都公安奠基人
944,毛泽东在中共七大前后是怎样坚持底线思维谋划和推动工作的
945,多措并举  推动党史学习教育见行动出实效
946,从严治家的黄克诚
947,金城反击战:杨勇指挥抗美援朝的收官之战
948,山雨欲来路何方——记中国共产党第五次全国代表大会
949,江上青小湾子村殉国前后
950,改革开放新时期彭真政法队伍建设思想探析
951,饶守坤将军:“罗炳辉的拳头”
952,平型关大捷:不容争辩的“首战大捷”
953,王震与深圳经济特区建设
954,1950年苏南地区整风运动的历史与经验
955,论朱德在抗战时期对党的几个重大决策的突出贡献
956,中共“二大”是党的创建任务完成的界碑
957,宋任穷:人民利益高于一切
958,井冈山“五虎将”之首王尔琢
959,英年早逝的朱毛红军参谋长王尔琢
960,张思德：为人民的利益工作
961,中共一大上海会址
962,从解密档案看中共三大的三个问题
963,一份满意的答卷——“三严三实”专题教育中的漳村故事
964,文武兼备的虎胆将军——彭雪枫
965,平津战役纪念馆  全国爱国主义教育基地（六十二）
966,张思德精神及其现实启示
967,“红色金融家”毛泽民
968,谢子长：陕北红军和苏区创建人
969,抗日战争初期刘少奇对华北局势和中共在华北中心工作的思考——读《杨尚昆回忆录》
970,瞿秋白：共产党人的哲学是鞠躬尽瘁、死而后已
971,中共十三大前后的陈云
972,廖承志与香港《华商报》的创办
973,中国共产党第十九次全国代表大会的主题
974,陈云关于党的政治建设重要论述：内容、特点及启示
975,陈独秀与中共二大
976,血沃东征战场的民族英雄刘志丹
977,“十六字诀”在毛泽东指挥四渡赤水战役中的巧妙运用
978,具有划时代意义的马克思主义纲领性文献——解析习近平在中国共产党第十九次全国代表大会上的报告
979,谷牧与中日经济交流
980,邓小平关于建设有中国特色社会主义的论述专题摘编
981,胡锦涛在中国共产党第十八次全国代表大会上的报告(摘抄)
982,新民主主义革命时期习仲勋思想政治教育特色探析
983,中国共产党第十八次全国代表大会在京闭幕
984,以学术史为基，深化李大钊思想研究——写在《李大钊与近世中国的思想变动》出版之前
985,探访中共六大旧址
986,银幕上最早出现的方志敏形象——电影《血沃中华》的创作与拍摄
987,以创先争优活动推进党的先进性建设
988,四渡赤水:中央红军战略转移的决定性胜利
989,西藏山南市：守正创新推动习近平新时代中国特色社会主义思想“飞入寻常百姓家”
990,大将王树声历险记
991,青年董必武怎样转变为马克思主义者
992,中国共产党章程(中国共产党第十次全国代表大会一九七三年八月二十八日)通过)
993,王尽美：中国共产党的创始人之一
994,四渡赤水背后那支孤军
995,站在改革开放最前沿的谷牧——国务院原特区办副主任赵云栋访谈录
996,"“干臣,干臣,能干之臣”——记南昌起义时的公安局长兼卫戍司令彭干臣烈士"
997,高擎习近平新时代中国特色社会主义思想伟大旗帜——中国共产党第十九次全国代表大会巡礼
998,中国共产党第十六次全国代表大会关于《中国共产党章程(修正案)》的决议(2002年11月14日中国共产党第十六次全国代表大会通过)
999,《古田会议决议》的形成与中共六大
1000,彭德怀的湖湘文化气质
1001,中国共产党第三次全国代表大会
1002,民主革命统一战线的确立:中共三大文献研读
1003,聂荣臻与抗美援朝后勤保障工作
1004,彭湃军事思想的萌芽及其影响探析
1005,彭湃探索中国革命道路中的“减租”斗争
1006,再析中共七大屡次延期的原因
1007,论中共四大宣传工作方针的转变
1008,省港大罢工与苏兆征工人运动思想的成熟——以共产国际对中国工人运动的指导为视角
1009,论中共三大中央局的迁往上海及其影响
1010,近十五年来科学发展观理论研究回溯与展望
1011,中国共产党第十八次全国代表大会民族语文翻译工作
1012,在“公园街18号”找寻光辉足迹——赴俄罗斯参观中共六大会址展览馆记
1013,"中国共产党章程(中国共产党第十八次全国代表大会部分修改,2012年11月14日通过)"
1014,全面建设小康社会  开创中国特色社会主义事业新局面  在中国共产党第十六次全国代表大会上的报告
1015,从李大钊到习近平：关于青年思想的传承和发展
1016,浅谈新媒体视域下党的群众路线教育实践活动新途径——以沈阳工业大学继续教育学院为例
1017,中国共产党第十五次全国代表大会关于中央纪律检查委员会工作报告的决议
1018,毛泽东选集（第三卷）
1019,奉调中央 殚精十年——“内交部长”习仲勋的民族宗教实践与经验
1020,中共二大:中国共产党独立自主的最初尝试
1021,李大钊《“五一”(May Day)运动史》校勘订补
1022,中共十二大党章的历史地位
1023,"深化挖掘、服务现实,推动中共二大研究再上新台阶"
1024,中国共产党第十七次全国代表大会
1025,新常委新蓝图  新征程新期盼——中国共产党第十八次全国代表大会采访札记
1026,郭沫若为黄继光纪念馆题词修改佳话
1027,中国共产党第十四次全国代表大会关于十三届中央委员会报告的决议
1028,共同创造亚洲和世界的美好未来——在博鳌亚洲论坛2013年年会上的主旨演讲
1029,"科学发展观同马克思列宁主义、毛泽东思想、邓小平理论、“三个代表”重要思想一道,是党必须长期坚持的指导思想"
1030,钱壮飞：在对敌斗争中立下丰功伟绩
1031,中国共产党第十六次全国代表大会
1032,邓恩铭：播撒红船火种的革命先驱
1033,胡耀邦太原战役纪事
1034,习近平:中共六大会址是中国革命历程的重要旧址
1035,百年光影  HONG色青春——纪念五四运动100周年系列主题活动在中共四大纪念馆启动
1036,20世纪80年代整党运动中的“整党促经济”
1037,中共三大为何选址广州
1038,中国共产党第一次全国代表大会纪念馆
1039,张思德：全心全意为人民服务
1040,出席第三届核安全峰会并访问欧洲四国和联合国教科文组织总部、欧盟总部时的演讲
1041,一张老照片揭开李大钊葬礼细节
1042,马克思主义的传播者蔡和森
1043,毛泽东周恩来在对美外交上的珠联璧合
1044,“咬牙干部”宋任穷的革命红色情怀
1045,中共八大幕后故事
1046,论李达在建党时期思想论争中的重要作用
1047,习近平谈治国理政(第二卷)
1048,教育实践活动求实效  集聚干事创业正能量——大路煤化工基地党工委开展党的群众路线教育实践活动纪实
1049,董必武法治思想对依宪治国理论的启示
1050,黄继光：舍身忘我 英勇无畏
1051,蔡和森：用生命践行立下的誓言
1052,在中国共产党第十一次全国代表大会上关于修改党史的章程的报告
1053,"深入学习实践科学发展观活动总结之经验一:“大家好,才是真的好”——南海舰队某水警区学习实践科学发展观活动见闻"
1054,陶铸与广州起义
1055,刘少奇党建“四论” 对党员修养问题的思考与贡献
1056,党史回顾中共十一大
1057,听杨尚昆张震谈周文龙将军——党叫干啥就干啥的光辉典范
1058,解放战争时期整党运动对加强党的作风建设的启示
1059,要始终一贯的站得正、站得稳——罗瑞卿致女儿罗峪书的信
1060,谢澹如与瞿秋白、方志敏烈士文稿的保存出版
1061,萧劲光兵不血刃克长春
1062,对中共三大前后张国焘国共合作观点的再思考
1063,习近平关于严明党的纪律和规矩论述摘编
1064,五大发展理念与科学发展观之关系探要
1065,论“三个代表”
1066,天地英雄气  千秋尚凛然——平型关大捷纪念碑碑文敬读
1067,渡江战役时的英舰长江事件
1068,林伯渠的家风思想及其现实启示
1069,历史发生学视阈下中共二大纲领研究
1070,刘志丹的手枪
1071,阳泉市狮脑山百团大战纪念馆(碑)
1072,在中国共产党第十一次全国代表大会上的閉幕詞
1073,陈云和邓小平为中共八大作出的历史贡献简论
1074,论平津战役的指挥艺术
1075,王若飞:一切要为人民打算!
1076,张云逸在长征途中
1077,中国共产党第七次全国代表大会召开
1078,高君宇和石评梅研究的若干史实辨正
1079,陈赓与彭德怀的深厚情谊
1080,廖承志同志在川陕苏区
1081,中共八大前后贯彻群众路线的新挑战与新探索
1082,紧紧围绕坚持和发展中国特色社会主义　学习宣传贯彻党的十八大精神——在十八届中共中央政治局第一次集体学习时的讲话
1083,薄一波农业思想探析
1084,解放战争时期整党运动对加强党的纯洁性建设的历史启示
1085,张思德:为人民服务
1086,太原战役胡耀邦力打“攻心战”
1087,彭真法治程序性直接民主的理论与实践
1088,从北伐到广州起义：叶挺与聂荣臻的战斗友谊（上）
1089,蔡和森对中共五大的重要贡献
1090,瞿秋白与中共五大
1091,铭记党的历史  弘扬革命精神——中共五大历史图片展在沪展出
1092,中国共产党第十七次全国代表大会关于中央纪律检查委员会工作报告的决议
1093,党的十六大:在“三个代表”重要思想的指引下奋勇前进
1094,论杨尚昆对朱德建设现代化军队思想的发展——纪念杨尚昆诞辰100周年
1095,中国共产党第六次全国代表大会会址常设展览馆(俄罗斯莫斯科)
1096,发表卓越见解  坚持正确主张——毛泽东在中共三大
1097,发展动力：习近平新时代中国特色社会主义思想的基本范畴
1098,习近平新时代中国特色社会主义思想对邓小平理论的坚持、发展和创新
1099,周恩来对中共六大的特殊担当与重大贡献
1100,滕代远与军委铁道部的组建
1101,牢牢掌握党对宣传思想工作的领导权——学习刘少奇《党在宣传战线上的任务》
1102,国有大中型企业“三讲”学习教育活动问题解答
1103,深刻理解社会主义初级阶段的理论——学习中国共产党第十三次全国代表大会文件的体会
1104,中共八大会场的布置
1105,全区国有企业“三讲”学习教育活动进展顺利
1106,王树声:自我批评伴一生
1107,王树声大将转战鄂豫皖边区
1108,强党性转作风勇担当  汇聚新一轮振兴发展磅礴力量——辽宁省“三严三实”专题教育综述
1109,中国共产党第十六次全国代表大会关于十五届中央委员会报告的决议(二○○二年十一月十四日中国共产党第十六次全国代表大会通过)
1110,统一思想对党代表大会成功召开的重大意义——中国共产党第七次全国代表大会的历史启示
1111,百团大战中“以顽强对顽强”的东团堡攻坚战
1112,关于华林是否出席中共五大的考辨
1113,1957年整风运动的历史启示
1114,黄公略：杰出的红军将领
1115,陈延年与鲁迅在广州的两次见面——兼及《鲁迅日记》里的“陈安仁”即陈延年
1116,妇运先驱 妇女风范——浅谈邓颖超在中共广东区委工作的杰出贡献和影响
1117,董必武：站在国统区人民民主运动的前列
1118,"高举邓小平理论伟大旗帜,把建设有中国特色社会主义事业全面推向二十一世纪——在中国共产党第十五次全国代表大会上的报告"
1119,董必武的廉政思想及其当代启示
1120,指导与影响:共产国际与中共六大关系探析
1121,毛岸英“劳动大学”的老师吴满有
1122,彭雪枫在淮北抗日根据地二三事
1123,一座小楼与一次大会——走进中共六大会址常设展览馆
1124,关于中共一大考证的回顾研究——访解放军后勤学院教授邵维正少将
1125,情系八桂 鞠躬尽瘁——对广西有大功的张云逸大将之三
1126,夺取新时代中国特色社会主义伟大胜利——热烈庆祝中国共产党第十九次全国代表大会胜利召开
1127,刘志丹：“为共产主义信仰奋斗到底”
1128,试论抗战时期廖承志在香港领导创办报刊活动及其历史功绩
1129,在中国共产党第十一次全国代表大会上关于修改党的章程的报告
1130,中共一大：开天辟地的大事
1131,杨尚昆在中央苏区的宣传工作
1132,《矛盾论》
1133,《实践论》
1134,《论持久战》
1135,《沁园春·雪》
1136,周恩来选集
1137,《彭德怀自述》
1138,《彭德怀军事文选》等
1139,贺龙军事文选
1140,陈毅诗词选集
1141,《历史的回顾》
1142,《中华人民共和国宪法》
1143,《粟裕战争回忆录》
1144,红二十五军战史
1145,《黄克诚自述》、《黄克诚军事文选》
1146,《八路军政治工作的回顾》、《东北野战军平津战役政治工作》等
1147,《建设现代化的强大海军》、《萧劲光回忆录》等
1148,战斗指挥研究事项
1149,《抗日军队的政治工作》、《罗瑞卿诗词集》
1150,《战术发展的基本因素》
1151,《赤都心史》《饿乡纪程》《多余的话》
1152,《可爱的中国》、《清贫》、《我不相信基督教！》
1153,《游击战术》、《战略战术讲授提纲》
1154,《军事教育大纲》《政治工作训令》
1155,海陆丰农民运动
